{"target": {"mean": [0.9635524153709412, 0.9635524749755859, 0.9635515213012695], "std": [0.18728354573249817, 0.18728290498256683, 0.18728338181972504]}, "conditional": {"mean": [0.7373658418655396, 0.705394446849823, 0.6976293921470642], "std": [0.34150001406669617, 0.3585154414176941, 0.36211496591567993]}}