{"target": {"mean": [0.23877988755702972, 0.24794961512088776, 0.22520151734352112], "std": [0.15577536821365356, 0.15025347471237183, 0.15251116454601288]}, "conditional": {"mean": [0.877953290939331, 0.8910878300666809, 0.8679171800613403], "std": [0.09457763284444809, 0.06202469393610954, 0.1300511211156845]}}