{"target": {"mean": [0.28730225563049316, 0.32457441091537476, 0.28449884057044983], "std": [0.18400928378105164, 0.18642732501029968, 0.18474385142326355]}, "conditional": {"mean": [0.3941969573497772, 0.2804575264453888, 0.38444119691848755], "std": [0.23026137053966522, 0.1884756237268448, 0.22063271701335907]}}